code_departement,nom_candidat,score,annee,tour,taux_chomage,nombre_auteurs_poursuivables,taux_pauvrete,population,revenu_median,logements_sociaux
1,BAYROU FRANCOIS,7.73,2002,1,4.45,,,535616.0,,
1,BESANCENOT OLIVIER,3.91,2002,1,4.45,,,535616.0,,
1,BOUTIN CHRISTINE,1.23,2002,1,4.45,,,535616.0,,
1,CHEVENEMENT JEAN-PIERRE,6.09,2002,1,4.45,,,535616.0,,
1,CHIRAC JACQUES,17.18,2002,1,4.45,,,535616.0,,
1,GLUCKSTEIN DANIEL,0.45,2002,1,4.45,,,535616.0,,
1,HUE ROBERT,2.13,2002,1,4.45,,,535616.0,,
1,JOSPIN LIONEL,12.64,2002,1,4.45,,,535616.0,,
1,LAGUILLER ARLETTE,4.8,2002,1,4.45,,,535616.0,,
1,LE PEN MARINE,21.86,2002,1,4.45,,,535616.0,,
1,LEPAGE CORINNE,2.18,2002,1,4.45,,,535616.0,,
1,MADELIN ALAIN,5.23,2002,1,4.45,,,535616.0,,
1,MAMERE NOEL,5.13,2002,1,4.45,,,535616.0,,
1,MEGRET BRUNO,3.5,2002,1,4.45,,,535616.0,,
1,SAINT-JOSSE JEAN,4.04,2002,1,4.45,,,535616.0,,
1,TAUBIRA CHRISTIANE,1.88,2002,1,4.45,,,535616.0,,
2,BAYROU FRANCOIS,5.34,2002,1,9.325,,,536784.0,,
2,BESANCENOT OLIVIER,4.74,2002,1,9.325,,,536784.0,,
2,BOUTIN CHRISTINE,0.89,2002,1,9.325,,,536784.0,,
2,CHEVENEMENT JEAN-PIERRE,4.67,2002,1,9.325,,,536784.0,,
2,CHIRAC JACQUES,18.82,2002,1,9.325,,,536784.0,,
2,GLUCKSTEIN DANIEL,0.72,2002,1,9.325,,,536784.0,,
2,HUE ROBERT,3.93,2002,1,9.325,,,536784.0,,
2,JOSPIN LIONEL,15.36,2002,1,9.325,,,536784.0,,
2,LAGUILLER ARLETTE,8.16,2002,1,9.325,,,536784.0,,
2,LE PEN MARINE,21.22,2002,1,9.325,,,536784.0,,
2,LEPAGE CORINNE,1.42,2002,1,9.325,,,536784.0,,
2,MADELIN ALAIN,3.23,2002,1,9.325,,,536784.0,,
2,MAMERE NOEL,3.58,2002,1,9.325,,,536784.0,,
2,MEGRET BRUNO,2.61,2002,1,9.325,,,536784.0,,
2,SAINT-JOSSE JEAN,4.07,2002,1,9.325,,,536784.0,,
2,TAUBIRA CHRISTIANE,1.23,2002,1,9.325,,,536784.0,,
6,BAYROU FRANCOIS,6.79,2002,1,8.075,,,1035271.0,,
6,BESANCENOT OLIVIER,2.57,2002,1,8.075,,,1035271.0,,
6,BOUTIN CHRISTINE,0.74,2002,1,8.075,,,1035271.0,,
6,CHEVENEMENT JEAN-PIERRE,4.85,2002,1,8.075,,,1035271.0,,
6,CHIRAC JACQUES,21.97,2002,1,8.075,,,1035271.0,,
6,GLUCKSTEIN DANIEL,0.29,2002,1,8.075,,,1035271.0,,
6,HUE ROBERT,2.99,2002,1,8.075,,,1035271.0,,
6,JOSPIN LIONEL,12.18,2002,1,8.075,,,1035271.0,,
6,LAGUILLER ARLETTE,3.76,2002,1,8.075,,,1035271.0,,
6,LE PEN MARINE,25.99,2002,1,8.075,,,1035271.0,,
6,LEPAGE CORINNE,1.77,2002,1,8.075,,,1035271.0,,
6,MADELIN ALAIN,4.85,2002,1,8.075,,,1035271.0,,
6,MAMERE NOEL,4.79,2002,1,8.075,,,1035271.0,,
6,MEGRET BRUNO,2.53,2002,1,8.075,,,1035271.0,,
6,SAINT-JOSSE JEAN,2.45,2002,1,8.075,,,1035271.0,,
6,TAUBIRA CHRISTIANE,1.49,2002,1,8.075,,,1035271.0,,
13,BAYROU FRANCOIS,5.83,2002,1,11.15,,,1876310.0,,
13,BESANCENOT OLIVIER,3.29,2002,1,11.15,,,1876310.0,,
13,BOUTIN CHRISTINE,0.79,2002,1,11.15,,,1876310.0,,
13,CHEVENEMENT JEAN-PIERRE,5.51,2002,1,11.15,,,1876310.0,,
13,CHIRAC JACQUES,16.93,2002,1,11.15,,,1876310.0,,
13,GLUCKSTEIN DANIEL,0.37,2002,1,11.15,,,1876310.0,,
13,HUE ROBERT,4.78,2002,1,11.15,,,1876310.0,,
13,JOSPIN LIONEL,14.01,2002,1,11.15,,,1876310.0,,
13,LAGUILLER ARLETTE,4.93,2002,1,11.15,,,1876310.0,,
13,LE PEN MARINE,22.41,2002,1,11.15,,,1876310.0,,
13,LEPAGE CORINNE,1.57,2002,1,11.15,,,1876310.0,,
13,MADELIN ALAIN,3.84,2002,1,11.15,,,1876310.0,,
13,MAMERE NOEL,5.09,2002,1,11.15,,,1876310.0,,
13,MEGRET BRUNO,4.98,2002,1,11.15,,,1876310.0,,
13,SAINT-JOSSE JEAN,3.94,2002,1,11.15,,,1876310.0,,
13,TAUBIRA CHRISTIANE,1.72,2002,1,11.15,,,1876310.0,,
17,BAYROU FRANCOIS,6.2,2002,1,8.425,,,,,
17,BESANCENOT OLIVIER,4.58,2002,1,8.425,,,,,
17,BOUTIN CHRISTINE,0.91,2002,1,8.425,,,,,
17,CHEVENEMENT JEAN-PIERRE,4.55,2002,1,8.425,,,,,
17,CHIRAC JACQUES,20.32,2002,1,8.425,,,,,
17,GLUCKSTEIN DANIEL,0.53,2002,1,8.425,,,,,
17,HUE ROBERT,3.15,2002,1,8.425,,,,,
17,JOSPIN LIONEL,16.12,2002,1,8.425,,,,,
17,LAGUILLER ARLETTE,5.96,2002,1,8.425,,,,,
17,LE PEN MARINE,13.41,2002,1,8.425,,,,,
17,LEPAGE CORINNE,1.84,2002,1,8.425,,,,,
17,MADELIN ALAIN,3.98,2002,1,8.425,,,,,
17,MAMERE NOEL,5.16,2002,1,8.425,,,,,
17,MEGRET BRUNO,1.88,2002,1,8.425,,,,,
17,SAINT-JOSSE JEAN,9.23,2002,1,8.425,,,,,
17,TAUBIRA CHRISTIANE,2.18,2002,1,8.425,,,,,
21,BAYROU FRANCOIS,7.56,2002,1,5.15,,,511197.0,,
21,BESANCENOT OLIVIER,4.37,2002,1,5.15,,,511197.0,,
21,BOUTIN CHRISTINE,1.25,2002,1,5.15,,,511197.0,,
21,CHEVENEMENT JEAN-PIERRE,6.9,2002,1,5.15,,,511197.0,,
21,CHIRAC JACQUES,19.04,2002,1,5.15,,,511197.0,,
21,GLUCKSTEIN DANIEL,0.56,2002,1,5.15,,,511197.0,,
21,HUE ROBERT,2.18,2002,1,5.15,,,511197.0,,
21,JOSPIN LIONEL,15.29,2002,1,5.15,,,511197.0,,
21,LAGUILLER ARLETTE,5.8,2002,1,5.15,,,511197.0,,
21,LE PEN MARINE,17.96,2002,1,5.15,,,511197.0,,
21,LEPAGE CORINNE,2.08,2002,1,5.15,,,511197.0,,
21,MADELIN ALAIN,4.12,2002,1,5.15,,,511197.0,,
21,MAMERE NOEL,5.05,2002,1,5.15,,,511197.0,,
21,MEGRET BRUNO,2.61,2002,1,5.15,,,511197.0,,
21,SAINT-JOSSE JEAN,3.31,2002,1,5.15,,,511197.0,,
21,TAUBIRA CHRISTIANE,1.92,2002,1,5.15,,,511197.0,,
29,BAYROU FRANCOIS,7.54,2002,1,6.475,,,865006.0,,
29,BESANCENOT OLIVIER,5.9,2002,1,6.475,,,865006.0,,
29,BOUTIN CHRISTINE,1.18,2002,1,6.475,,,865006.0,,
29,CHEVENEMENT JEAN-PIERRE,4.78,2002,1,6.475,,,865006.0,,
29,CHIRAC JACQUES,21.98,2002,1,6.475,,,865006.0,,
29,GLUCKSTEIN DANIEL,0.46,2002,1,6.475,,,865006.0,,
29,HUE ROBERT,2.91,2002,1,6.475,,,865006.0,,
29,JOSPIN LIONEL,18.55,2002,1,6.475,,,865006.0,,
29,LAGUILLER ARLETTE,6.41,2002,1,6.475,,,865006.0,,
29,LE PEN MARINE,10.8,2002,1,6.475,,,865006.0,,
29,LEPAGE CORINNE,2.03,2002,1,6.475,,,865006.0,,
29,MADELIN ALAIN,4.1,2002,1,6.475,,,865006.0,,
29,MAMERE NOEL,6.56,2002,1,6.475,,,865006.0,,
29,MEGRET BRUNO,0.96,2002,1,6.475,,,865006.0,,
29,SAINT-JOSSE JEAN,3.54,2002,1,6.475,,,865006.0,,
29,TAUBIRA CHRISTIANE,2.28,2002,1,6.475,,,865006.0,,
31,BAYROU FRANCOIS,6.4,2002,1,6.425000000000001,,,1102414.0,,
31,BESANCENOT OLIVIER,4.67,2002,1,6.425000000000001,,,1102414.0,,
31,BOUTIN CHRISTINE,0.96,2002,1,6.425000000000001,,,1102414.0,,
31,CHEVENEMENT JEAN-PIERRE,5.82,2002,1,6.425000000000001,,,1102414.0,,
31,CHIRAC JACQUES,15.19,2002,1,6.425000000000001,,,1102414.0,,
31,GLUCKSTEIN DANIEL,0.42,2002,1,6.425000000000001,,,1102414.0,,
31,HUE ROBERT,3.08,2002,1,6.425000000000001,,,1102414.0,,
31,JOSPIN LIONEL,21.24,2002,1,6.425000000000001,,,1102414.0,,
31,LAGUILLER ARLETTE,5.55,2002,1,6.425000000000001,,,1102414.0,,
31,LE PEN MARINE,16.6,2002,1,6.425000000000001,,,1102414.0,,
31,LEPAGE CORINNE,2.03,2002,1,6.425000000000001,,,1102414.0,,
31,MADELIN ALAIN,3.15,2002,1,6.425000000000001,,,1102414.0,,
31,MAMERE NOEL,6.89,2002,1,6.425000000000001,,,1102414.0,,
31,MEGRET BRUNO,1.78,2002,1,6.425000000000001,,,1102414.0,,
31,SAINT-JOSSE JEAN,3.85,2002,1,6.425000000000001,,,1102414.0,,
31,TAUBIRA CHRISTIANE,2.38,2002,1,6.425000000000001,,,1102414.0,,
33,BAYROU FRANCOIS,6.69,2002,1,7.1,,,1330095.0,,
33,BESANCENOT OLIVIER,4.45,2002,1,7.1,,,1330095.0,,
33,BOUTIN CHRISTINE,0.9,2002,1,7.1,,,1330095.0,,
33,CHEVENEMENT JEAN-PIERRE,4.81,2002,1,7.1,,,1330095.0,,
33,CHIRAC JACQUES,18.84,2002,1,7.1,,,1330095.0,,
33,GLUCKSTEIN DANIEL,0.42,2002,1,7.1,,,1330095.0,,
33,HUE ROBERT,3.35,2002,1,7.1,,,1330095.0,,
33,JOSPIN LIONEL,18.06,2002,1,7.1,,,1330095.0,,
33,LAGUILLER ARLETTE,5.9,2002,1,7.1,,,1330095.0,,
33,LE PEN MARINE,14.22,2002,1,7.1,,,1330095.0,,
33,LEPAGE CORINNE,1.77,2002,1,7.1,,,1330095.0,,
33,MADELIN ALAIN,3.0,2002,1,7.1,,,1330095.0,,
33,MAMERE NOEL,6.24,2002,1,7.1,,,1330095.0,,
33,MEGRET BRUNO,1.48,2002,1,7.1,,,1330095.0,,
33,SAINT-JOSSE JEAN,7.92,2002,1,7.1,,,1330095.0,,
33,TAUBIRA CHRISTIANE,1.95,2002,1,7.1,,,1330095.0,,
34,BAYROU FRANCOIS,5.58,2002,1,6.2,,,936987.0,,
34,BESANCENOT OLIVIER,4.03,2002,1,6.2,,,936987.0,,
34,BOUTIN CHRISTINE,0.85,2002,1,6.2,,,936987.0,,
34,CHEVENEMENT JEAN-PIERRE,5.34,2002,1,6.2,,,936987.0,,
34,CHIRAC JACQUES,15.01,2002,1,6.2,,,936987.0,,
34,GLUCKSTEIN DANIEL,0.42,2002,1,6.2,,,936987.0,,
34,HUE ROBERT,4.09,2002,1,6.2,,,936987.0,,
34,JOSPIN LIONEL,16.05,2002,1,6.2,,,936987.0,,
34,LAGUILLER ARLETTE,4.94,2002,1,6.2,,,936987.0,,
34,LE PEN MARINE,22.98,2002,1,6.2,,,936987.0,,
34,LEPAGE CORINNE,1.52,2002,1,6.2,,,936987.0,,
34,MADELIN ALAIN,3.44,2002,1,6.2,,,936987.0,,
34,MAMERE NOEL,5.53,2002,1,6.2,,,936987.0,,
34,MEGRET BRUNO,2.44,2002,1,6.2,,,936987.0,,
34,SAINT-JOSSE JEAN,5.76,2002,1,6.2,,,936987.0,,
34,TAUBIRA CHRISTIANE,2.01,2002,1,6.2,,,936987.0,,
38,BAYROU FRANCOIS,6.85,2002,1,8.875,,,1124185.0,,
38,BESANCENOT OLIVIER,4.53,2002,1,8.875,,,1124185.0,,
38,BOUTIN CHRISTINE,1.25,2002,1,8.875,,,1124185.0,,
38,CHEVENEMENT JEAN-PIERRE,6.76,2002,1,8.875,,,1124185.0,,
38,CHIRAC JACQUES,15.26,2002,1,8.875,,,1124185.0,,
38,GLUCKSTEIN DANIEL,0.51,2002,1,8.875,,,1124185.0,,
38,HUE ROBERT,3.55,2002,1,8.875,,,1124185.0,,
38,JOSPIN LIONEL,15.98,2002,1,8.875,,,1124185.0,,
38,LAGUILLER ARLETTE,5.8,2002,1,8.875,,,1124185.0,,
38,LE PEN MARINE,18.29,2002,1,8.875,,,1124185.0,,
38,LEPAGE CORINNE,2.34,2002,1,8.875,,,1124185.0,,
38,MADELIN ALAIN,4.37,2002,1,8.875,,,1124185.0,,
38,MAMERE NOEL,6.97,2002,1,8.875,,,1124185.0,,
38,MEGRET BRUNO,2.7,2002,1,8.875,,,1124185.0,,
38,SAINT-JOSSE JEAN,2.7,2002,1,8.875,,,1124185.0,,
38,TAUBIRA CHRISTIANE,2.15,2002,1,8.875,,,1124185.0,,
44,BAYROU FRANCOIS,7.9,2002,1,12.125,,,1174492.0,,
44,BESANCENOT OLIVIER,5.48,2002,1,12.125,,,1174492.0,,
44,BOUTIN CHRISTINE,1.87,2002,1,12.125,,,1174492.0,,
44,CHEVENEMENT JEAN-PIERRE,5.08,2002,1,12.125,,,1174492.0,,
44,CHIRAC JACQUES,18.77,2002,1,12.125,,,1174492.0,,
44,GLUCKSTEIN DANIEL,0.57,2002,1,12.125,,,1174492.0,,
44,HUE ROBERT,2.48,2002,1,12.125,,,1174492.0,,
44,JOSPIN LIONEL,17.97,2002,1,12.125,,,1174492.0,,
44,LAGUILLER ARLETTE,6.31,2002,1,12.125,,,1174492.0,,
44,LE PEN MARINE,11.55,2002,1,12.125,,,1174492.0,,
44,LEPAGE CORINNE,2.51,2002,1,12.125,,,1174492.0,,
44,MADELIN ALAIN,4.17,2002,1,12.125,,,1174492.0,,
44,MAMERE NOEL,7.07,2002,1,12.125,,,1174492.0,,
44,MEGRET BRUNO,1.51,2002,1,12.125,,,1174492.0,,
44,SAINT-JOSSE JEAN,4.52,2002,1,12.125,,,1174492.0,,
44,TAUBIRA CHRISTIANE,2.25,2002,1,12.125,,,1174492.0,,
54,BAYROU FRANCOIS,6.36,2002,1,5.325,,,719199.0,,
54,BESANCENOT OLIVIER,4.83,2002,1,5.325,,,719199.0,,
54,BOUTIN CHRISTINE,1.1,2002,1,5.325,,,719199.0,,
54,CHEVENEMENT JEAN-PIERRE,5.73,2002,1,5.325,,,719199.0,,
54,CHIRAC JACQUES,18.41,2002,1,5.325,,,719199.0,,
54,GLUCKSTEIN DANIEL,0.55,2002,1,5.325,,,719199.0,,
54,HUE ROBERT,3.71,2002,1,5.325,,,719199.0,,
54,JOSPIN LIONEL,16.16,2002,1,5.325,,,719199.0,,
54,LAGUILLER ARLETTE,7.55,2002,1,5.325,,,719199.0,,
54,LE PEN MARINE,18.11,2002,1,5.325,,,719199.0,,
54,LEPAGE CORINNE,1.87,2002,1,5.325,,,719199.0,,
54,MADELIN ALAIN,3.5,2002,1,5.325,,,719199.0,,
54,MAMERE NOEL,5.36,2002,1,5.325,,,719199.0,,
54,MEGRET BRUNO,2.75,2002,1,5.325,,,719199.0,,
54,SAINT-JOSSE JEAN,2.11,2002,1,5.325,,,719199.0,,
54,TAUBIRA CHRISTIANE,1.92,2002,1,5.325,,,719199.0,,
59,BAYROU FRANCOIS,6.59,2002,1,7.525,,,2558213.0,,
59,BESANCENOT OLIVIER,4.23,2002,1,7.525,,,2558213.0,,
59,BOUTIN CHRISTINE,1.03,2002,1,7.525,,,2558213.0,,
59,CHEVENEMENT JEAN-PIERRE,4.62,2002,1,7.525,,,2558213.0,,
59,CHIRAC JACQUES,17.73,2002,1,7.525,,,2558213.0,,
59,GLUCKSTEIN DANIEL,0.48,2002,1,7.525,,,2558213.0,,
59,HUE ROBERT,4.87,2002,1,7.525,,,2558213.0,,
59,JOSPIN LIONEL,16.81,2002,1,7.525,,,2558213.0,,
59,LAGUILLER ARLETTE,7.24,2002,1,7.525,,,2558213.0,,
59,LE PEN MARINE,19.42,2002,1,7.525,,,2558213.0,,
59,LEPAGE CORINNE,1.4,2002,1,7.525,,,2558213.0,,
59,MADELIN ALAIN,3.44,2002,1,7.525,,,2558213.0,,
59,MAMERE NOEL,4.76,2002,1,7.525,,,2558213.0,,
59,MEGRET BRUNO,2.57,2002,1,7.525,,,2558213.0,,
59,SAINT-JOSSE JEAN,3.54,2002,1,7.525,,,2558213.0,,
59,TAUBIRA CHRISTIANE,1.28,2002,1,7.525,,,2558213.0,,
60,BAYROU FRANCOIS,5.95,2002,1,6.0,,,,,
60,BESANCENOT OLIVIER,4.06,2002,1,6.0,,,,,
60,BOUTIN CHRISTINE,1.12,2002,1,6.0,,,,,
60,CHEVENEMENT JEAN-PIERRE,5.16,2002,1,6.0,,,,,
60,CHIRAC JACQUES,18.29,2002,1,6.0,,,,,
60,GLUCKSTEIN DANIEL,0.55,2002,1,6.0,,,,,
60,HUE ROBERT,3.32,2002,1,6.0,,,,,
60,JOSPIN LIONEL,13.66,2002,1,6.0,,,,,
60,LAGUILLER ARLETTE,6.94,2002,1,6.0,,,,,
60,LE PEN MARINE,22.76,2002,1,6.0,,,,,
60,LEPAGE CORINNE,1.79,2002,1,6.0,,,,,
60,MADELIN ALAIN,3.56,2002,1,6.0,,,,,
60,MAMERE NOEL,4.45,2002,1,6.0,,,,,
60,MEGRET BRUNO,3.21,2002,1,6.0,,,,,
60,SAINT-JOSSE JEAN,3.25,2002,1,6.0,,,,,
60,TAUBIRA CHRISTIANE,1.94,2002,1,6.0,,,,,
62,BAYROU FRANCOIS,4.92,2002,1,5.45,,,,,
62,BESANCENOT OLIVIER,4.66,2002,1,5.45,,,,,
62,BOUTIN CHRISTINE,0.9,2002,1,5.45,,,,,
62,CHEVENEMENT JEAN-PIERRE,5.31,2002,1,5.45,,,,,
62,CHIRAC JACQUES,16.59,2002,1,5.45,,,,,
62,GLUCKSTEIN DANIEL,0.54,2002,1,5.45,,,,,
62,HUE ROBERT,5.38,2002,1,5.45,,,,,
62,JOSPIN LIONEL,17.47,2002,1,5.45,,,,,
62,LAGUILLER ARLETTE,8.35,2002,1,5.45,,,,,
62,LE PEN MARINE,18.41,2002,1,5.45,,,,,
62,LEPAGE CORINNE,1.09,2002,1,5.45,,,,,
62,MADELIN ALAIN,2.89,2002,1,5.45,,,,,
62,MAMERE NOEL,3.81,2002,1,5.45,,,,,
62,MEGRET BRUNO,2.21,2002,1,5.45,,,,,
62,SAINT-JOSSE JEAN,6.41,2002,1,5.45,,,,,
62,TAUBIRA CHRISTIANE,1.07,2002,1,5.45,,,,,
69,BAYROU FRANCOIS,8.85,2002,1,6.725,,,,,
69,BESANCENOT OLIVIER,3.58,2002,1,6.725,,,,,
69,BOUTIN CHRISTINE,1.49,2002,1,6.725,,,,,
69,CHEVENEMENT JEAN-PIERRE,6.65,2002,1,6.725,,,,,
69,CHIRAC JACQUES,18.07,2002,1,6.725,,,,,
69,GLUCKSTEIN DANIEL,0.39,2002,1,6.725,,,,,
69,HUE ROBERT,2.53,2002,1,6.725,,,,,
69,JOSPIN LIONEL,13.97,2002,1,6.725,,,,,
69,LAGUILLER ARLETTE,4.46,2002,1,6.725,,,,,
69,LE PEN MARINE,19.35,2002,1,6.725,,,,,
69,LEPAGE CORINNE,2.41,2002,1,6.725,,,,,
69,MADELIN ALAIN,5.65,2002,1,6.725,,,,,
69,MAMERE NOEL,6.07,2002,1,6.725,,,,,
69,MEGRET BRUNO,2.52,2002,1,6.725,,,,,
69,SAINT-JOSSE JEAN,1.64,2002,1,6.725,,,,,
69,TAUBIRA CHRISTIANE,2.36,2002,1,6.725,,,,,
75,BAYROU FRANCOIS,7.91,2002,1,4.4,,,2145472.0,,
75,BESANCENOT OLIVIER,3.42,2002,1,4.4,,,2145472.0,,
75,BOUTIN CHRISTINE,1.49,2002,1,4.4,,,2145472.0,,
75,CHEVENEMENT JEAN-PIERRE,6.62,2002,1,4.4,,,2145472.0,,
75,CHIRAC JACQUES,24.01,2002,1,4.4,,,2145472.0,,
75,GLUCKSTEIN DANIEL,0.34,2002,1,4.4,,,2145472.0,,
75,HUE ROBERT,2.19,2002,1,4.4,,,2145472.0,,
75,JOSPIN LIONEL,19.94,2002,1,4.4,,,2145472.0,,
75,LAGUILLER ARLETTE,3.05,2002,1,4.4,,,2145472.0,,
75,LE PEN MARINE,9.35,2002,1,4.4,,,2145472.0,,
75,LEPAGE CORINNE,2.46,2002,1,4.4,,,2145472.0,,
75,MADELIN ALAIN,6.5,2002,1,4.4,,,2145472.0,,
75,MAMERE NOEL,7.39,2002,1,4.4,,,2145472.0,,
75,MEGRET BRUNO,1.02,2002,1,4.4,,,2145472.0,,
75,SAINT-JOSSE JEAN,0.52,2002,1,4.4,,,2145472.0,,
75,TAUBIRA CHRISTIANE,3.78,2002,1,4.4,,,2145472.0,,
83,BAYROU FRANCOIS,6.1,2002,1,6.475,,,933602.0,,
83,BESANCENOT OLIVIER,3.01,2002,1,6.475,,,933602.0,,
83,BOUTIN CHRISTINE,1.02,2002,1,6.475,,,933602.0,,
83,CHEVENEMENT JEAN-PIERRE,5.29,2002,1,6.475,,,933602.0,,
83,CHIRAC JACQUES,21.27,2002,1,6.475,,,933602.0,,
83,GLUCKSTEIN DANIEL,0.36,2002,1,6.475,,,933602.0,,
83,HUE ROBERT,3.06,2002,1,6.475,,,933602.0,,
83,JOSPIN LIONEL,12.09,2002,1,6.475,,,933602.0,,
83,LAGUILLER ARLETTE,4.49,2002,1,6.475,,,933602.0,,
83,LE PEN MARINE,23.54,2002,1,6.475,,,933602.0,,
83,LEPAGE CORINNE,1.72,2002,1,6.475,,,933602.0,,
83,MADELIN ALAIN,4.17,2002,1,6.475,,,933602.0,,
83,MAMERE NOEL,4.36,2002,1,6.475,,,933602.0,,
83,MEGRET BRUNO,3.16,2002,1,6.475,,,933602.0,,
83,SAINT-JOSSE JEAN,4.84,2002,1,6.475,,,933602.0,,
83,TAUBIRA CHRISTIANE,1.51,2002,1,6.475,,,933602.0,,
1,BAYROU FRANCOIS,19.62,2007,1,4.925000000000001,,,574377.0,,
1,BESANCENOT OLIVIER,3.42,2007,1,4.925000000000001,,,574377.0,,
1,BOVÉ JOSÉ,1.26,2007,1,4.925000000000001,,,574377.0,,
1,BUFFET MARIE-GEORGE,1.34,2007,1,4.925000000000001,,,574377.0,,
1,DE VILLIERS PHILIPPE,2.53,2007,1,4.925000000000001,,,574377.0,,
1,LAGUILLER ARLETTE,1.16,2007,1,4.925000000000001,,,574377.0,,
1,LE PEN MARINE,12.28,2007,1,4.925000000000001,,,574377.0,,
1,NIHOUS FRÉDÉRIC,1.16,2007,1,4.925000000000001,,,574377.0,,
1,ROYAL SEGOLENE,20.67,2007,1,4.925000000000001,,,574377.0,,
1,SARKOZY NICOLAS,34.5,2007,1,4.925000000000001,,,574377.0,,
1,SCHIVARDI GÉRARD,0.33,2007,1,4.925000000000001,,,574377.0,,
1,VOYNET DOMINIQUE,1.73,2007,1,4.925000000000001,,,574377.0,,
2,BAYROU FRANCOIS,13.51,2007,1,10.175,,,537820.0,,
2,BESANCENOT OLIVIER,5.49,2007,1,10.175,,,537820.0,,
2,BOVÉ JOSÉ,1.08,2007,1,10.175,,,537820.0,,
2,BUFFET MARIE-GEORGE,2.03,2007,1,10.175,,,537820.0,,
2,DE VILLIERS PHILIPPE,2.61,2007,1,10.175,,,537820.0,,
2,LAGUILLER ARLETTE,2.32,2007,1,10.175,,,537820.0,,
2,LE PEN MARINE,17.28,2007,1,10.175,,,537820.0,,
2,NIHOUS FRÉDÉRIC,1.34,2007,1,10.175,,,537820.0,,
2,ROYAL SEGOLENE,23.42,2007,1,10.175,,,537820.0,,
2,SARKOZY NICOLAS,29.3,2007,1,10.175,,,537820.0,,
2,SCHIVARDI GÉRARD,0.42,2007,1,10.175,,,537820.0,,
2,VOYNET DOMINIQUE,1.19,2007,1,10.175,,,537820.0,,
6,BAYROU FRANCOIS,15.03,2007,1,7.375,,,1082465.0,,
6,BESANCENOT OLIVIER,2.4,2007,1,7.375,,,1082465.0,,
6,BOVÉ JOSÉ,1.05,2007,1,7.375,,,1082465.0,,
6,BUFFET MARIE-GEORGE,1.78,2007,1,7.375,,,1082465.0,,
6,DE VILLIERS PHILIPPE,1.83,2007,1,7.375,,,1082465.0,,
6,LAGUILLER ARLETTE,0.77,2007,1,7.375,,,1082465.0,,
6,LE PEN MARINE,13.47,2007,1,7.375,,,1082465.0,,
6,NIHOUS FRÉDÉRIC,0.5,2007,1,7.375,,,1082465.0,,
6,ROYAL SEGOLENE,17.9,2007,1,7.375,,,1082465.0,,
6,SARKOZY NICOLAS,43.59,2007,1,7.375,,,1082465.0,,
6,SCHIVARDI GÉRARD,0.24,2007,1,7.375,,,1082465.0,,
6,VOYNET DOMINIQUE,1.43,2007,1,7.375,,,1082465.0,,
13,BAYROU FRANCOIS,15.05,2007,1,10.6,,,1958926.0,,
13,BESANCENOT OLIVIER,3.46,2007,1,10.6,,,1958926.0,,
13,BOVÉ JOSÉ,1.37,2007,1,10.6,,,1958926.0,,
13,BUFFET MARIE-GEORGE,2.96,2007,1,10.6,,,1958926.0,,
13,DE VILLIERS PHILIPPE,1.66,2007,1,10.6,,,1958926.0,,
13,LAGUILLER ARLETTE,1.04,2007,1,10.6,,,1958926.0,,
13,LE PEN MARINE,13.87,2007,1,10.6,,,1958926.0,,
13,NIHOUS FRÉDÉRIC,0.87,2007,1,10.6,,,1958926.0,,
13,ROYAL SEGOLENE,23.78,2007,1,10.6,,,1958926.0,,
13,SARKOZY NICOLAS,34.24,2007,1,10.6,,,1958926.0,,
13,SCHIVARDI GÉRARD,0.38,2007,1,10.6,,,1958926.0,,
13,VOYNET DOMINIQUE,1.34,2007,1,10.6,,,1958926.0,,
17,BAYROU FRANCOIS,17.22,2007,1,8.3,,,,,
17,BESANCENOT OLIVIER,4.06,2007,1,8.3,,,,,
17,BOVÉ JOSÉ,1.31,2007,1,8.3,,,,,
17,BUFFET MARIE-GEORGE,1.54,2007,1,8.3,,,,,
17,DE VILLIERS PHILIPPE,3.69,2007,1,8.3,,,,,
17,LAGUILLER ARLETTE,1.23,2007,1,8.3,,,,,
17,LE PEN MARINE,8.94,2007,1,8.3,,,,,
17,NIHOUS FRÉDÉRIC,2.41,2007,1,8.3,,,,,
17,ROYAL SEGOLENE,27.66,2007,1,8.3,,,,,
17,SARKOZY NICOLAS,30.09,2007,1,8.3,,,,,
17,SCHIVARDI GÉRARD,0.36,2007,1,8.3,,,,,
17,VOYNET DOMINIQUE,1.49,2007,1,8.3,,,,,
21,BAYROU FRANCOIS,19.25,2007,1,5.3,,,519143.0,,
21,BESANCENOT OLIVIER,3.86,2007,1,5.3,,,519143.0,,
21,BOVÉ JOSÉ,1.23,2007,1,5.3,,,519143.0,,
21,BUFFET MARIE-GEORGE,1.29,2007,1,5.3,,,519143.0,,
21,DE VILLIERS PHILIPPE,2.28,2007,1,5.3,,,519143.0,,
21,LAGUILLER ARLETTE,1.35,2007,1,5.3,,,519143.0,,
21,LE PEN MARINE,11.66,2007,1,5.3,,,519143.0,,
21,NIHOUS FRÉDÉRIC,0.91,2007,1,5.3,,,519143.0,,
21,ROYAL SEGOLENE,24.14,2007,1,5.3,,,519143.0,,
21,SARKOZY NICOLAS,32.08,2007,1,5.3,,,519143.0,,
21,SCHIVARDI GÉRARD,0.36,2007,1,5.3,,,519143.0,,
21,VOYNET DOMINIQUE,1.59,2007,1,5.3,,,519143.0,,
29,BAYROU FRANCOIS,22.74,2007,1,6.95,,,885906.0,,
29,BESANCENOT OLIVIER,5.0,2007,1,6.95,,,885906.0,,
29,BOVÉ JOSÉ,1.47,2007,1,6.95,,,885906.0,,
29,BUFFET MARIE-GEORGE,1.66,2007,1,6.95,,,885906.0,,
29,DE VILLIERS PHILIPPE,1.74,2007,1,6.95,,,885906.0,,
29,LAGUILLER ARLETTE,1.23,2007,1,6.95,,,885906.0,,
29,LE PEN MARINE,6.52,2007,1,6.95,,,885906.0,,
29,NIHOUS FRÉDÉRIC,1.06,2007,1,6.95,,,885906.0,,
29,ROYAL SEGOLENE,29.19,2007,1,6.95,,,885906.0,,
29,SARKOZY NICOLAS,27.27,2007,1,6.95,,,885906.0,,
29,SCHIVARDI GÉRARD,0.26,2007,1,6.95,,,885906.0,,
29,VOYNET DOMINIQUE,1.85,2007,1,6.95,,,885906.0,,
31,BAYROU FRANCOIS,19.36,2007,1,7.325,,,1202920.0,,
31,BESANCENOT OLIVIER,3.75,2007,1,7.325,,,1202920.0,,
31,BOVÉ JOSÉ,1.64,2007,1,7.325,,,1202920.0,,
31,BUFFET MARIE-GEORGE,1.71,2007,1,7.325,,,1202920.0,,
31,DE VILLIERS PHILIPPE,1.47,2007,1,7.325,,,1202920.0,,
31,LAGUILLER ARLETTE,1.03,2007,1,7.325,,,1202920.0,,
31,LE PEN MARINE,8.45,2007,1,7.325,,,1202920.0,,
31,NIHOUS FRÉDÉRIC,0.82,2007,1,7.325,,,1202920.0,,
31,ROYAL SEGOLENE,33.09,2007,1,7.325,,,1202920.0,,
31,SARKOZY NICOLAS,26.68,2007,1,7.325,,,1202920.0,,
31,SCHIVARDI GÉRARD,0.41,2007,1,7.325,,,1202920.0,,
31,VOYNET DOMINIQUE,1.59,2007,1,7.325,,,1202920.0,,
33,BAYROU FRANCOIS,19.75,2007,1,7.55,,,1409345.0,,
33,BESANCENOT OLIVIER,4.05,2007,1,7.55,,,1409345.0,,
33,BOVÉ JOSÉ,1.28,2007,1,7.55,,,1409345.0,,
33,BUFFET MARIE-GEORGE,1.84,2007,1,7.55,,,1409345.0,,
33,DE VILLIERS PHILIPPE,1.74,2007,1,7.55,,,1409345.0,,
33,LAGUILLER ARLETTE,1.23,2007,1,7.55,,,1409345.0,,
33,LE PEN MARINE,9.12,2007,1,7.55,,,1409345.0,,
33,NIHOUS FRÉDÉRIC,1.78,2007,1,7.55,,,1409345.0,,
33,ROYAL SEGOLENE,29.27,2007,1,7.55,,,1409345.0,,
33,SARKOZY NICOLAS,28.05,2007,1,7.55,,,1409345.0,,
33,SCHIVARDI GÉRARD,0.39,2007,1,7.55,,,1409345.0,,
33,VOYNET DOMINIQUE,1.51,2007,1,7.55,,,1409345.0,,
34,BAYROU FRANCOIS,15.31,2007,1,6.65,,,1011207.0,,
34,BESANCENOT OLIVIER,3.91,2007,1,6.65,,,1011207.0,,
34,BOVÉ JOSÉ,1.87,2007,1,6.65,,,1011207.0,,
34,BUFFET MARIE-GEORGE,2.16,2007,1,6.65,,,1011207.0,,
34,DE VILLIERS PHILIPPE,1.68,2007,1,6.65,,,1011207.0,,
34,LAGUILLER ARLETTE,1.1,2007,1,6.65,,,1011207.0,,
34,LE PEN MARINE,13.35,2007,1,6.65,,,1011207.0,,
34,NIHOUS FRÉDÉRIC,1.44,2007,1,6.65,,,1011207.0,,
34,ROYAL SEGOLENE,26.05,2007,1,6.65,,,1011207.0,,
34,SARKOZY NICOLAS,31.14,2007,1,6.65,,,1011207.0,,
34,SCHIVARDI GÉRARD,0.54,2007,1,6.65,,,1011207.0,,
34,VOYNET DOMINIQUE,1.45,2007,1,6.65,,,1011207.0,,
38,BAYROU FRANCOIS,19.31,2007,1,8.2,,,1178714.0,,
38,BESANCENOT OLIVIER,3.84,2007,1,8.2,,,1178714.0,,
38,BOVÉ JOSÉ,1.54,2007,1,8.2,,,1178714.0,,
38,BUFFET MARIE-GEORGE,1.97,2007,1,8.2,,,1178714.0,,
38,DE VILLIERS PHILIPPE,1.95,2007,1,8.2,,,1178714.0,,
38,LAGUILLER ARLETTE,1.15,2007,1,8.2,,,1178714.0,,
38,LE PEN MARINE,10.09,2007,1,8.2,,,1178714.0,,
38,NIHOUS FRÉDÉRIC,0.9,2007,1,8.2,,,1178714.0,,
38,ROYAL SEGOLENE,26.86,2007,1,8.2,,,1178714.0,,
38,SARKOZY NICOLAS,30.21,2007,1,8.2,,,1178714.0,,
38,SCHIVARDI GÉRARD,0.33,2007,1,8.2,,,1178714.0,,
38,VOYNET DOMINIQUE,1.87,2007,1,8.2,,,1178714.0,,
44,BAYROU FRANCOIS,20.82,2007,1,10.975,,,1246798.0,,
44,BESANCENOT OLIVIER,4.38,2007,1,10.975,,,1246798.0,,
44,BOVÉ JOSÉ,1.29,2007,1,10.975,,,1246798.0,,
44,BUFFET MARIE-GEORGE,1.39,2007,1,10.975,,,1246798.0,,
44,DE VILLIERS PHILIPPE,3.12,2007,1,10.975,,,1246798.0,,
44,LAGUILLER ARLETTE,1.25,2007,1,10.975,,,1246798.0,,
44,LE PEN MARINE,6.56,2007,1,10.975,,,1246798.0,,
44,NIHOUS FRÉDÉRIC,1.23,2007,1,10.975,,,1246798.0,,
44,ROYAL SEGOLENE,29.77,2007,1,10.975,,,1246798.0,,
44,SARKOZY NICOLAS,28.01,2007,1,10.975,,,1246798.0,,
44,SCHIVARDI GÉRARD,0.28,2007,1,10.975,,,1246798.0,,
44,VOYNET DOMINIQUE,1.9,2007,1,10.975,,,1246798.0,,
54,BAYROU FRANCOIS,18.27,2007,1,5.824999999999999,,,726592.0,,
54,BESANCENOT OLIVIER,5.43,2007,1,5.824999999999999,,,726592.0,,
54,BOVÉ JOSÉ,1.16,2007,1,5.824999999999999,,,726592.0,,
54,BUFFET MARIE-GEORGE,2.15,2007,1,5.824999999999999,,,726592.0,,
54,DE VILLIERS PHILIPPE,1.96,2007,1,5.824999999999999,,,726592.0,,
54,LAGUILLER ARLETTE,1.9,2007,1,5.824999999999999,,,726592.0,,
54,LE PEN MARINE,12.57,2007,1,5.824999999999999,,,726592.0,,
54,NIHOUS FRÉDÉRIC,0.69,2007,1,5.824999999999999,,,726592.0,,
54,ROYAL SEGOLENE,25.52,2007,1,5.824999999999999,,,726592.0,,
54,SARKOZY NICOLAS,28.46,2007,1,5.824999999999999,,,726592.0,,
54,SCHIVARDI GÉRARD,0.3,2007,1,5.824999999999999,,,726592.0,,
54,VOYNET DOMINIQUE,1.58,2007,1,5.824999999999999,,,726592.0,,
59,BAYROU FRANCOIS,15.64,2007,1,7.575,,,2564950.0,,
59,BESANCENOT OLIVIER,5.2,2007,1,7.575,,,2564950.0,,
59,BOVÉ JOSÉ,1.07,2007,1,7.575,,,2564950.0,,
59,BUFFET MARIE-GEORGE,3.09,2007,1,7.575,,,2564950.0,,
59,DE VILLIERS PHILIPPE,1.7,2007,1,7.575,,,2564950.0,,
59,LAGUILLER ARLETTE,2.09,2007,1,7.575,,,2564950.0,,
59,LE PEN MARINE,13.83,2007,1,7.575,,,2564950.0,,
59,NIHOUS FRÉDÉRIC,1.57,2007,1,7.575,,,2564950.0,,
59,ROYAL SEGOLENE,24.83,2007,1,7.575,,,2564950.0,,
59,SARKOZY NICOLAS,29.3,2007,1,7.575,,,2564950.0,,
59,SCHIVARDI GÉRARD,0.24,2007,1,7.575,,,2564950.0,,
59,VOYNET DOMINIQUE,1.45,2007,1,7.575,,,2564950.0,,
60,BAYROU FRANCOIS,15.95,2007,1,6.475,,,,,
60,BESANCENOT OLIVIER,4.66,2007,1,6.475,,,,,
60,BOVÉ JOSÉ,1.07,2007,1,6.475,,,,,
60,BUFFET MARIE-GEORGE,1.86,2007,1,6.475,,,,,
60,DE VILLIERS PHILIPPE,2.52,2007,1,6.475,,,,,
60,LAGUILLER ARLETTE,1.91,2007,1,6.475,,,,,
60,LE PEN MARINE,14.93,2007,1,6.475,,,,,
60,NIHOUS FRÉDÉRIC,1.09,2007,1,6.475,,,,,
60,ROYAL SEGOLENE,21.31,2007,1,6.475,,,,,
60,SARKOZY NICOLAS,32.9,2007,1,6.475,,,,,
60,SCHIVARDI GÉRARD,0.33,2007,1,6.475,,,,,
60,VOYNET DOMINIQUE,1.48,2007,1,6.475,,,,,
62,BAYROU FRANCOIS,13.65,2007,1,6.425,,,,,
62,BESANCENOT OLIVIER,6.21,2007,1,6.425,,,,,
62,BOVÉ JOSÉ,1.08,2007,1,6.425,,,,,
62,BUFFET MARIE-GEORGE,3.46,2007,1,6.425,,,,,
62,DE VILLIERS PHILIPPE,1.9,2007,1,6.425,,,,,
62,LAGUILLER ARLETTE,2.64,2007,1,6.425,,,,,
62,LE PEN MARINE,16.02,2007,1,6.425,,,,,
62,NIHOUS FRÉDÉRIC,2.45,2007,1,6.425,,,,,
62,ROYAL SEGOLENE,25.34,2007,1,6.425,,,,,
62,SARKOZY NICOLAS,25.68,2007,1,6.425,,,,,
62,SCHIVARDI GÉRARD,0.33,2007,1,6.425,,,,,
62,VOYNET DOMINIQUE,1.24,2007,1,6.425,,,,,
69,BAYROU FRANCOIS,20.91,2007,1,6.85,,,,,
69,BESANCENOT OLIVIER,3.02,2007,1,6.85,,,,,
69,BOVÉ JOSÉ,1.16,2007,1,6.85,,,,,
69,BUFFET MARIE-GEORGE,1.5,2007,1,6.85,,,,,
69,DE VILLIERS PHILIPPE,1.94,2007,1,6.85,,,,,
69,LAGUILLER ARLETTE,0.98,2007,1,6.85,,,,,
69,LE PEN MARINE,9.09,2007,1,6.85,,,,,
69,NIHOUS FRÉDÉRIC,0.48,2007,1,6.85,,,,,
69,ROYAL SEGOLENE,23.86,2007,1,6.85,,,,,
69,SARKOZY NICOLAS,35.07,2007,1,6.85,,,,,
69,SCHIVARDI GÉRARD,0.23,2007,1,6.85,,,,,
69,VOYNET DOMINIQUE,1.75,2007,1,6.85,,,,,
75,BAYROU FRANCOIS,20.73,2007,1,4.8,,,2193030.0,,
75,BESANCENOT OLIVIER,2.09,2007,1,4.8,,,2193030.0,,
75,BOVÉ JOSÉ,1.03,2007,1,4.8,,,2193030.0,,
75,BUFFET MARIE-GEORGE,1.21,2007,1,4.8,,,2193030.0,,
75,DE VILLIERS PHILIPPE,1.1,2007,1,4.8,,,2193030.0,,
75,LAGUILLER ARLETTE,0.58,2007,1,4.8,,,2193030.0,,
75,LE PEN MARINE,4.58,2007,1,4.8,,,2193030.0,,
75,NIHOUS FRÉDÉRIC,0.16,2007,1,4.8,,,2193030.0,,
75,ROYAL SEGOLENE,31.75,2007,1,4.8,,,2193030.0,,
75,SARKOZY NICOLAS,35.07,2007,1,4.8,,,2193030.0,,
75,SCHIVARDI GÉRARD,0.17,2007,1,4.8,,,2193030.0,,
75,VOYNET DOMINIQUE,1.53,2007,1,4.8,,,2193030.0,,
83,BAYROU FRANCOIS,15.31,2007,1,7.074999999999999,,,995934.0,,
83,BESANCENOT OLIVIER,3.21,2007,1,7.074999999999999,,,995934.0,,
83,BOVÉ JOSÉ,1.16,2007,1,7.074999999999999,,,995934.0,,
83,BUFFET MARIE-GEORGE,1.8,2007,1,7.074999999999999,,,995934.0,,
83,DE VILLIERS PHILIPPE,2.28,2007,1,7.074999999999999,,,995934.0,,
83,LAGUILLER ARLETTE,1.0,2007,1,7.074999999999999,,,995934.0,,
83,LE PEN MARINE,13.91,2007,1,7.074999999999999,,,995934.0,,
83,NIHOUS FRÉDÉRIC,1.13,2007,1,7.074999999999999,,,995934.0,,
83,ROYAL SEGOLENE,18.71,2007,1,7.074999999999999,,,995934.0,,
83,SARKOZY NICOLAS,39.74,2007,1,7.074999999999999,,,995934.0,,
83,SCHIVARDI GÉRARD,0.38,2007,1,7.074999999999999,,,995934.0,,
83,VOYNET DOMINIQUE,1.37,2007,1,7.074999999999999,,,995934.0,,
1,ARTHAUD NATHALIE,0.56,2012,1,6.85,10580.0,10.3,612191.0,11764.0,
1,BAYROU FRANCOIS,10.16,2012,1,6.85,10580.0,10.3,612191.0,11764.0,
1,CHEMINADE JACQUES,0.27,2012,1,6.85,10580.0,10.3,612191.0,11764.0,
1,DUPONT-AIGNAN NICOLAS,2.24,2012,1,6.85,10580.0,10.3,612191.0,11764.0,
1,HOLLANDE FRANCOIS,22.75,2012,1,6.85,10580.0,10.3,612191.0,11764.0,
1,JOLY EVA,2.26,2012,1,6.85,10580.0,10.3,612191.0,11764.0,
1,LE PEN MARINE,20.71,2012,1,6.85,10580.0,10.3,612191.0,11764.0,
1,MELENCHON JEAN LUC,9.61,2012,1,6.85,10580.0,10.3,612191.0,11764.0,
1,POUTOU PHILIPPE,1.03,2012,1,6.85,10580.0,10.3,612191.0,11764.0,
1,SARKOZY NICOLAS,30.41,2012,1,6.85,10580.0,10.3,612191.0,11764.0,
2,ARTHAUD NATHALIE,0.84,2012,1,13.675,11894.0,18.6,540888.0,9690.0,
2,BAYROU FRANCOIS,6.68,2012,1,13.675,11894.0,18.6,540888.0,9690.0,
2,CHEMINADE JACQUES,0.25,2012,1,13.675,11894.0,18.6,540888.0,9690.0,
2,DUPONT-AIGNAN NICOLAS,1.96,2012,1,13.675,11894.0,18.6,540888.0,9690.0,
2,HOLLANDE FRANCOIS,27.1,2012,1,13.675,11894.0,18.6,540888.0,9690.0,
2,JOLY EVA,1.16,2012,1,13.675,11894.0,18.6,540888.0,9690.0,
2,LE PEN MARINE,26.33,2012,1,13.675,11894.0,18.6,540888.0,9690.0,
2,MELENCHON JEAN LUC,10.19,2012,1,13.675,11894.0,18.6,540888.0,9690.0,
2,POUTOU PHILIPPE,1.3,2012,1,13.675,11894.0,18.6,540888.0,9690.0,
2,SARKOZY NICOLAS,24.2,2012,1,13.675,11894.0,18.6,540888.0,9690.0,
6,ARTHAUD NATHALIE,0.27,2012,1,9.3,30691.0,15.2,1082014.0,10133.0,
6,BAYROU FRANCOIS,6.69,2012,1,9.3,30691.0,15.2,1082014.0,10133.0,
6,CHEMINADE JACQUES,0.21,2012,1,9.3,30691.0,15.2,1082014.0,10133.0,
6,DUPONT-AIGNAN NICOLAS,1.59,2012,1,9.3,30691.0,15.2,1082014.0,10133.0,
6,HOLLANDE FRANCOIS,19.21,2012,1,9.3,30691.0,15.2,1082014.0,10133.0,
6,JOLY EVA,2.15,2012,1,9.3,30691.0,15.2,1082014.0,10133.0,
6,LE PEN MARINE,23.5,2012,1,9.3,30691.0,15.2,1082014.0,10133.0,
6,MELENCHON JEAN LUC,8.49,2012,1,9.3,30691.0,15.2,1082014.0,10133.0,
6,POUTOU PHILIPPE,0.69,2012,1,9.3,30691.0,15.2,1082014.0,10133.0,
6,SARKOZY NICOLAS,37.19,2012,1,9.3,30691.0,15.2,1082014.0,10133.0,
13,ARTHAUD NATHALIE,0.35,2012,1,11.85,47913.0,18.1,1984784.0,9417.0,
13,BAYROU FRANCOIS,6.35,2012,1,11.85,47913.0,18.1,1984784.0,9417.0,
13,CHEMINADE JACQUES,0.22,2012,1,11.85,47913.0,18.1,1984784.0,9417.0,
13,DUPONT-AIGNAN NICOLAS,1.35,2012,1,11.85,47913.0,18.1,1984784.0,9417.0,
13,HOLLANDE FRANCOIS,24.51,2012,1,11.85,47913.0,18.1,1984784.0,9417.0,
13,JOLY EVA,2.11,2012,1,11.85,47913.0,18.1,1984784.0,9417.0,
13,LE PEN MARINE,23.38,2012,1,11.85,47913.0,18.1,1984784.0,9417.0,
13,MELENCHON JEAN LUC,13.43,2012,1,11.85,47913.0,18.1,1984784.0,9417.0,
13,POUTOU PHILIPPE,0.8,2012,1,11.85,47913.0,18.1,1984784.0,9417.0,
13,SARKOZY NICOLAS,27.5,2012,1,11.85,47913.0,18.1,1984784.0,9417.0,
17,ARTHAUD NATHALIE,0.57,2012,1,9.85,,,,,
17,BAYROU FRANCOIS,9.08,2012,1,9.85,,,,,
17,CHEMINADE JACQUES,0.23,2012,1,9.85,,,,,
17,DUPONT-AIGNAN NICOLAS,2.09,2012,1,9.85,,,,,
17,HOLLANDE FRANCOIS,28.47,2012,1,9.85,,,,,
17,JOLY EVA,2.21,2012,1,9.85,,,,,
17,LE PEN MARINE,17.45,2012,1,9.85,,,,,
17,MELENCHON JEAN LUC,10.38,2012,1,9.85,,,,,
17,POUTOU PHILIPPE,1.42,2012,1,9.85,,,,,
17,SARKOZY NICOLAS,28.1,2012,1,9.85,,,,,
21,ARTHAUD NATHALIE,0.56,2012,1,7.525,11295.0,10.9,527403.0,11565.0,
21,BAYROU FRANCOIS,9.37,2012,1,7.525,11295.0,10.9,527403.0,11565.0,
21,CHEMINADE JACQUES,0.24,2012,1,7.525,11295.0,10.9,527403.0,11565.0,
21,DUPONT-AIGNAN NICOLAS,1.95,2012,1,7.525,11295.0,10.9,527403.0,11565.0,
21,HOLLANDE FRANCOIS,27.79,2012,1,7.525,11295.0,10.9,527403.0,11565.0,
21,JOLY EVA,2.1,2012,1,7.525,11295.0,10.9,527403.0,11565.0,
21,LE PEN MARINE,18.84,2012,1,7.525,11295.0,10.9,527403.0,11565.0,
21,MELENCHON JEAN LUC,9.51,2012,1,7.525,11295.0,10.9,527403.0,11565.0,
21,POUTOU PHILIPPE,1.06,2012,1,7.525,11295.0,10.9,527403.0,11565.0,
21,SARKOZY NICOLAS,28.57,2012,1,7.525,11295.0,10.9,527403.0,11565.0,
29,ARTHAUD NATHALIE,0.6,2012,1,9.425,17316.0,10.2,901293.0,11793.0,
29,BAYROU FRANCOIS,11.27,2012,1,9.425,17316.0,10.2,901293.0,11793.0,
29,CHEMINADE JACQUES,0.27,2012,1,9.425,17316.0,10.2,901293.0,11793.0,
29,DUPONT-AIGNAN NICOLAS,1.78,2012,1,9.425,17316.0,10.2,901293.0,11793.0,
29,HOLLANDE FRANCOIS,33.7,2012,1,9.425,17316.0,10.2,901293.0,11793.0,
29,JOLY EVA,2.95,2012,1,9.425,17316.0,10.2,901293.0,11793.0,
29,LE PEN MARINE,11.98,2012,1,9.425,17316.0,10.2,901293.0,11793.0,
29,MELENCHON JEAN LUC,11.52,2012,1,9.425,17316.0,10.2,901293.0,11793.0,
29,POUTOU PHILIPPE,1.48,2012,1,9.425,17316.0,10.2,901293.0,11793.0,
29,SARKOZY NICOLAS,24.46,2012,1,9.425,17316.0,10.2,901293.0,11793.0,
31,ARTHAUD NATHALIE,0.41,2012,1,8.9,29396.0,12.1,1279349.0,11092.0,
31,BAYROU FRANCOIS,9.32,2012,1,8.9,29396.0,12.1,1279349.0,11092.0,
31,CHEMINADE JACQUES,0.25,2012,1,8.9,29396.0,12.1,1279349.0,11092.0,
31,DUPONT-AIGNAN NICOLAS,1.53,2012,1,8.9,29396.0,12.1,1279349.0,11092.0,
31,HOLLANDE FRANCOIS,32.83,2012,1,8.9,29396.0,12.1,1279349.0,11092.0,
31,JOLY EVA,3.04,2012,1,8.9,29396.0,12.1,1279349.0,11092.0,
31,LE PEN MARINE,15.31,2012,1,8.9,29396.0,12.1,1279349.0,11092.0,
31,MELENCHON JEAN LUC,13.38,2012,1,8.9,29396.0,12.1,1279349.0,11092.0,
31,POUTOU PHILIPPE,1.11,2012,1,8.9,29396.0,12.1,1279349.0,11092.0,
31,SARKOZY NICOLAS,22.84,2012,1,8.9,29396.0,12.1,1279349.0,11092.0,
33,ARTHAUD NATHALIE,0.45,2012,1,10.075,45047.0,12.1,1483712.0,11163.0,
33,BAYROU FRANCOIS,9.68,2012,1,10.075,45047.0,12.1,1483712.0,11163.0,
33,CHEMINADE JACQUES,0.23,2012,1,10.075,45047.0,12.1,1483712.0,11163.0,
33,DUPONT-AIGNAN NICOLAS,1.6,2012,1,10.075,45047.0,12.1,1483712.0,11163.0,
33,HOLLANDE FRANCOIS,31.75,2012,1,10.075,45047.0,12.1,1483712.0,11163.0,
33,JOLY EVA,2.43,2012,1,10.075,45047.0,12.1,1483712.0,11163.0,
33,LE PEN MARINE,15.61,2012,1,10.075,45047.0,12.1,1483712.0,11163.0,
33,MELENCHON JEAN LUC,11.74,2012,1,10.075,45047.0,12.1,1483712.0,11163.0,
33,POUTOU PHILIPPE,1.66,2012,1,10.075,45047.0,12.1,1483712.0,11163.0,
33,SARKOZY NICOLAS,24.84,2012,1,10.075,45047.0,12.1,1483712.0,11163.0,
34,ARTHAUD NATHALIE,0.4,2012,1,9.075,27440.0,19.2,1077627.0,9269.0,
34,BAYROU FRANCOIS,6.86,2012,1,9.075,27440.0,19.2,1077627.0,9269.0,
34,CHEMINADE JACQUES,0.23,2012,1,9.075,27440.0,19.2,1077627.0,9269.0,
34,DUPONT-AIGNAN NICOLAS,1.4,2012,1,9.075,27440.0,19.2,1077627.0,9269.0,
34,HOLLANDE FRANCOIS,26.69,2012,1,9.075,27440.0,19.2,1077627.0,9269.0,
34,JOLY EVA,2.52,2012,1,9.075,27440.0,19.2,1077627.0,9269.0,
34,LE PEN MARINE,22.28,2012,1,9.075,27440.0,19.2,1077627.0,9269.0,
34,MELENCHON JEAN LUC,13.27,2012,1,9.075,27440.0,19.2,1077627.0,9269.0,
34,POUTOU PHILIPPE,1.03,2012,1,9.075,27440.0,19.2,1077627.0,9269.0,
34,SARKOZY NICOLAS,25.31,2012,1,9.075,27440.0,19.2,1077627.0,9269.0,
38,ARTHAUD NATHALIE,0.52,2012,1,9.725,19890.0,11.0,1224993.0,11510.0,
38,BAYROU FRANCOIS,9.1,2012,1,9.725,19890.0,11.0,1224993.0,11510.0,
38,CHEMINADE JACQUES,0.26,2012,1,9.725,19890.0,11.0,1224993.0,11510.0,
38,DUPONT-AIGNAN NICOLAS,1.9,2012,1,9.725,19890.0,11.0,1224993.0,11510.0,
38,HOLLANDE FRANCOIS,27.84,2012,1,9.725,19890.0,11.0,1224993.0,11510.0,
38,JOLY EVA,3.03,2012,1,9.725,19890.0,11.0,1224993.0,11510.0,
38,LE PEN MARINE,18.97,2012,1,9.725,19890.0,11.0,1224993.0,11510.0,
38,MELENCHON JEAN LUC,12.4,2012,1,9.725,19890.0,11.0,1224993.0,11510.0,
38,POUTOU PHILIPPE,1.03,2012,1,9.725,19890.0,11.0,1224993.0,11510.0,
38,SARKOZY NICOLAS,24.96,2012,1,9.725,19890.0,11.0,1224993.0,11510.0,
44,ARTHAUD NATHALIE,0.58,2012,1,13.475,30426.0,9.7,1313321.0,11956.0,
44,BAYROU FRANCOIS,11.3,2012,1,13.475,30426.0,9.7,1313321.0,11956.0,
44,CHEMINADE JACQUES,0.23,2012,1,13.475,30426.0,9.7,1313321.0,11956.0,
44,DUPONT-AIGNAN NICOLAS,1.84,2012,1,13.475,30426.0,9.7,1313321.0,11956.0,
44,HOLLANDE FRANCOIS,31.76,2012,1,13.475,30426.0,9.7,1313321.0,11956.0,
44,JOLY EVA,3.15,2012,1,13.475,30426.0,9.7,1313321.0,11956.0,
44,LE PEN MARINE,12.18,2012,1,13.475,30426.0,9.7,1313321.0,11956.0,
44,MELENCHON JEAN LUC,11.65,2012,1,13.475,30426.0,9.7,1313321.0,11956.0,
44,POUTOU PHILIPPE,1.25,2012,1,13.475,30426.0,9.7,1313321.0,11956.0,
44,SARKOZY NICOLAS,26.07,2012,1,13.475,30426.0,9.7,1313321.0,11956.0,
54,ARTHAUD NATHALIE,0.66,2012,1,7.1,15927.0,14.2,733266.0,10516.0,
54,BAYROU FRANCOIS,8.69,2012,1,7.1,15927.0,14.2,733266.0,10516.0,
54,CHEMINADE JACQUES,0.28,2012,1,7.1,15927.0,14.2,733266.0,10516.0,
54,DUPONT-AIGNAN NICOLAS,1.91,2012,1,7.1,15927.0,14.2,733266.0,10516.0,
54,HOLLANDE FRANCOIS,27.92,2012,1,7.1,15927.0,14.2,733266.0,10516.0,
54,JOLY EVA,1.81,2012,1,7.1,15927.0,14.2,733266.0,10516.0,
54,LE PEN MARINE,21.17,2012,1,7.1,15927.0,14.2,733266.0,10516.0,
54,MELENCHON JEAN LUC,12.07,2012,1,7.1,15927.0,14.2,733266.0,10516.0,
54,POUTOU PHILIPPE,1.28,2012,1,7.1,15927.0,14.2,733266.0,10516.0,
54,SARKOZY NICOLAS,24.21,2012,1,7.1,15927.0,14.2,733266.0,10516.0,
59,ARTHAUD NATHALIE,0.7,2012,1,9.5,73194.0,18.8,2587128.0,9673.0,
59,BAYROU FRANCOIS,7.48,2012,1,9.5,73194.0,18.8,2587128.0,9673.0,
59,CHEMINADE JACQUES,0.23,2012,1,9.5,73194.0,18.8,2587128.0,9673.0,
59,DUPONT-AIGNAN NICOLAS,1.54,2012,1,9.5,73194.0,18.8,2587128.0,9673.0,
59,HOLLANDE FRANCOIS,27.97,2012,1,9.5,73194.0,18.8,2587128.0,9673.0,
59,JOLY EVA,1.75,2012,1,9.5,73194.0,18.8,2587128.0,9673.0,
59,LE PEN MARINE,21.91,2012,1,9.5,73194.0,18.8,2587128.0,9673.0,
59,MELENCHON JEAN LUC,12.62,2012,1,9.5,73194.0,18.8,2587128.0,9673.0,
59,POUTOU PHILIPPE,1.1,2012,1,9.5,73194.0,18.8,2587128.0,9673.0,
59,SARKOZY NICOLAS,24.7,2012,1,9.5,73194.0,18.8,2587128.0,9673.0,
60,ARTHAUD NATHALIE,0.78,2012,1,7.9,,,,,
60,BAYROU FRANCOIS,7.61,2012,1,7.9,,,,,
60,CHEMINADE JACQUES,0.25,2012,1,7.9,,,,,
60,DUPONT-AIGNAN NICOLAS,1.95,2012,1,7.9,,,,,
60,HOLLANDE FRANCOIS,24.9,2012,1,7.9,,,,,
60,JOLY EVA,1.51,2012,1,7.9,,,,,
60,LE PEN MARINE,25.08,2012,1,7.9,,,,,
60,MELENCHON JEAN LUC,10.11,2012,1,7.9,,,,,
60,POUTOU PHILIPPE,1.22,2012,1,7.9,,,,,
60,SARKOZY NICOLAS,26.59,2012,1,7.9,,,,,
62,ARTHAUD NATHALIE,0.85,2012,1,9.175,,,,,
62,BAYROU FRANCOIS,6.4,2012,1,9.175,,,,,
62,CHEMINADE JACQUES,0.21,2012,1,9.175,,,,,
62,DUPONT-AIGNAN NICOLAS,1.66,2012,1,9.175,,,,,
62,HOLLANDE FRANCOIS,29.44,2012,1,9.175,,,,,
62,JOLY EVA,1.21,2012,1,9.175,,,,,
62,LE PEN MARINE,25.53,2012,1,9.175,,,,,
62,MELENCHON JEAN LUC,11.54,2012,1,9.175,,,,,
62,POUTOU PHILIPPE,1.29,2012,1,9.175,,,,,
62,SARKOZY NICOLAS,21.86,2012,1,9.175,,,,,
69,ARTHAUD NATHALIE,0.48,2012,1,8.625,,,,,
69,BAYROU FRANCOIS,10.3,2012,1,8.625,,,,,
69,CHEMINADE JACQUES,0.26,2012,1,8.625,,,,,
69,DUPONT-AIGNAN NICOLAS,1.72,2012,1,8.625,,,,,
69,HOLLANDE FRANCOIS,26.91,2012,1,8.625,,,,,
69,JOLY EVA,2.9,2012,1,8.625,,,,,
69,LE PEN MARINE,15.09,2012,1,8.625,,,,,
69,MELENCHON JEAN LUC,10.74,2012,1,8.625,,,,,
69,POUTOU PHILIPPE,0.84,2012,1,8.625,,,,,
69,SARKOZY NICOLAS,30.77,2012,1,8.625,,,,,
75,ARTHAUD NATHALIE,0.27,2012,1,6.4,105109.0,16.1,2240621.0,9440.0,
75,BAYROU FRANCOIS,9.34,2012,1,6.4,105109.0,16.1,2240621.0,9440.0,
75,CHEMINADE JACQUES,0.23,2012,1,6.4,105109.0,16.1,2240621.0,9440.0,
75,DUPONT-AIGNAN NICOLAS,1.0,2012,1,6.4,105109.0,16.1,2240621.0,9440.0,
75,HOLLANDE FRANCOIS,34.83,2012,1,6.4,105109.0,16.1,2240621.0,9440.0,
75,JOLY EVA,4.18,2012,1,6.4,105109.0,16.1,2240621.0,9440.0,
75,LE PEN MARINE,6.2,2012,1,6.4,105109.0,16.1,2240621.0,9440.0,
75,MELENCHON JEAN LUC,11.09,2012,1,6.4,105109.0,16.1,2240621.0,9440.0,
75,POUTOU PHILIPPE,0.67,2012,1,6.4,105109.0,16.1,2240621.0,9440.0,
75,SARKOZY NICOLAS,32.19,2012,1,6.4,105109.0,16.1,2240621.0,9440.0,
83,ARTHAUD NATHALIE,0.35,2012,1,9.0,26017.0,15.3,1021669.0,10137.0,
83,BAYROU FRANCOIS,6.66,2012,1,9.0,26017.0,15.3,1021669.0,10137.0,
83,CHEMINADE JACQUES,0.21,2012,1,9.0,26017.0,15.3,1021669.0,10137.0,
83,DUPONT-AIGNAN NICOLAS,1.63,2012,1,9.0,26017.0,15.3,1021669.0,10137.0,
83,HOLLANDE FRANCOIS,19.65,2012,1,9.0,26017.0,15.3,1021669.0,10137.0,
83,JOLY EVA,1.89,2012,1,9.0,26017.0,15.3,1021669.0,10137.0,
83,LE PEN MARINE,24.83,2012,1,9.0,26017.0,15.3,1021669.0,10137.0,
83,MELENCHON JEAN LUC,9.08,2012,1,9.0,26017.0,15.3,1021669.0,10137.0,
83,POUTOU PHILIPPE,0.87,2012,1,9.0,26017.0,15.3,1021669.0,10137.0,
83,SARKOZY NICOLAS,34.83,2012,1,9.0,26017.0,15.3,1021669.0,10137.0,
6,0.47 0.63,0.07,2017,1,9.825,28107.0,,1083310.0,,
6,13.46 18.24,0.01,2017,1,9.825,28107.0,,1083310.0,,
6,572.0 4.52,0.07,2017,1,9.825,28107.0,,1083310.0,,
6,ASSELINEAU FRANÇOIS,1.76,2017,1,9.825,28107.0,,1083310.0,,
6,BENOÎT 560.0,0.05,2017,1,9.825,28107.0,,1083310.0,,
6,LE PEN MARINE,24.13,2017,1,9.825,28107.0,,1083310.0,,
13,0.57 0.73,0.06,2017,1,11.275,50155.0,,2024162.0,,
13,14.39 18.33,0.01,2017,1,11.275,50155.0,,2024162.0,,
13,753.0 4.88,0.05,2017,1,11.275,50155.0,,2024162.0,,
13,BENOÎT 657.0,0.04,2017,1,11.275,50155.0,,2024162.0,,
13,LASSALLE JEAN,1.64,2017,1,11.275,50155.0,,2024162.0,,
13,LE PEN MARINE,26.8,2017,1,11.275,50155.0,,2024162.0,,
17,0.54 0.71,0.07,2017,1,9.475,,,,,
17,11.12 14.54,0.01,2017,1,9.475,,,,,
17,661.0 4.96,0.06,2017,1,9.475,,,,,
17,BENOÎT 391.0,0.03,2017,1,9.475,,,,,
17,LASSALLE JEAN,1.71,2017,1,9.475,,,,,
17,LE PEN MARINE,26.78,2017,1,9.475,,,,,
21,0.52 0.64,0.05,2017,1,7.449999999999999,11168.0,,533819.0,,
21,12.9 15.93,0.01,2017,1,7.449999999999999,11168.0,,533819.0,,
21,878.0 5.36,0.05,2017,1,7.449999999999999,11168.0,,533819.0,,
21,BENOÎT 803.0,0.04,2017,1,7.449999999999999,11168.0,,533819.0,,
21,LASSALLE JEAN,1.26,2017,1,7.449999999999999,11168.0,,533819.0,,
21,LE PEN MARINE,26.93,2017,1,7.449999999999999,11168.0,,533819.0,,
29,0.53 0.7,0.05,2017,1,8.525,16069.0,,909028.0,,
29,11.01 14.64,0.01,2017,1,8.525,16069.0,,909028.0,,
29,707.0 3.98,0.04,2017,1,8.525,16069.0,,909028.0,,
29,BENOÎT 509.0,0.02,2017,1,8.525,16069.0,,909028.0,,
29,LE PEN MARINE,36.45,2017,1,8.525,16069.0,,909028.0,,
29,POUTOU PHILIPPE,1.05,2017,1,8.525,16069.0,,909028.0,,
31,0.53 0.66,0.04,2017,1,8.25,32098.0,,1362672.0,,
31,11.27 14.07,0.01,2017,1,8.25,32098.0,,1362672.0,,
31,893.0 4.43,0.03,2017,1,8.25,32098.0,,1362672.0,,
31,BENOÎT 613.0,0.02,2017,1,8.25,32098.0,,1362672.0,,
31,LE PEN MARINE,40.01,2017,1,8.25,32098.0,,1362672.0,,
31,POUTOU PHILIPPE,1.08,2017,1,8.25,32098.0,,1362672.0,,
33,0.43 0.55,0.05,2017,1,9.5,32385.0,,1583384.0,,
33,10.99 14.17,0.01,2017,1,9.5,32385.0,,1583384.0,,
33,729.0 4.32,0.04,2017,1,9.5,32385.0,,1583384.0,,
33,BENOÎT 490.0,0.02,2017,1,9.5,32385.0,,1583384.0,,
33,LE PEN MARINE,41.89,2017,1,9.5,32385.0,,1583384.0,,
33,POUTOU PHILIPPE,1.16,2017,1,9.5,32385.0,,1583384.0,,
34,0.5 0.7,0.06,2017,1,8.875,25362.0,,1144892.0,,
34,10.53 14.69,0.04,2017,1,8.875,25362.0,,1144892.0,,
34,570.0 3.66,0.05,2017,1,8.875,25362.0,,1144892.0,,
34,ARTHAUD NATHALIE,1.08,2017,1,8.875,25362.0,,1144892.0,,
34,LE PEN MARINE,39.51,2017,1,8.875,25362.0,,1144892.0,,
34,NICOLAS 539.0,0.03,2017,1,8.875,25362.0,,1144892.0,,
38,0.43 0.54,0.04,2017,1,9.2,20975.0,,1258722.0,,
38,13.29 16.64,0.01,2017,1,9.2,20975.0,,1258722.0,,
38,812.0 4.04,0.03,2017,1,9.2,20975.0,,1258722.0,,
38,BENOÎT 523.0,0.02,2017,1,9.2,20975.0,,1258722.0,,
38,LE PEN MARINE,38.05,2017,1,9.2,20975.0,,1258722.0,,
38,POUTOU PHILIPPE,1.0,2017,1,9.2,20975.0,,1258722.0,,
44,0.55 0.76,0.05,2017,1,12.95,28519.0,,1394909.0,,
44,680.0 3.22,0.03,2017,1,12.95,28519.0,,1394909.0,,
44,7.43 10.24,0.01,2017,1,12.95,28519.0,,1394909.0,,
44,BENOÎT 651.0,0.02,2017,1,12.95,28519.0,,1394909.0,,
44,LE PEN MARINE,37.83,2017,1,12.95,28519.0,,1394909.0,,
44,POUTOU PHILIPPE,1.33,2017,1,12.95,28519.0,,1394909.0,,
54,0.73 0.93,0.07,2017,1,6.825,16304.0,,733481.0,,
54,13.23 17.01,0.04,2017,1,6.825,16304.0,,733481.0,,
54,544.0 4.29,0.06,2017,1,6.825,16304.0,,733481.0,,
54,LASSALLE JEAN,1.81,2017,1,6.825,16304.0,,733481.0,,
54,LE PEN MARINE,23.65,2017,1,6.825,16304.0,,733481.0,,
54,NICOLAS 505.0,0.04,2017,1,6.825,16304.0,,733481.0,,
59,0.51 0.72,0.09,2017,1,9.2,63775.0,,2604361.0,,
59,10.88 15.28,0.05,2017,1,9.2,63775.0,,2604361.0,,
59,521.0 4.79,0.09,2017,1,9.2,63775.0,,2604361.0,,
59,LASSALLE JEAN,1.76,2017,1,9.2,63775.0,,2604361.0,,
59,MACRON EMMANUEL,24.34,2017,1,9.2,63775.0,,2604361.0,,
59,NICOLAS 369.0,0.04,2017,1,9.2,63775.0,,2604361.0,,
60,0.4 0.55,0.07,2017,1,7.4,,,,,
60,14.23 19.22,0.04,2017,1,7.4,,,,,
60,589.0 4.58,0.07,2017,1,7.4,,,,,
60,MACRON EMMANUEL,27.05,2017,1,7.4,,,,,
60,NICOLAS 434.0,0.04,2017,1,7.4,,,,,
60,POUTOU PHILIPPE,1.06,2017,1,7.4,,,,,
62,0.51 0.66,0.06,2017,1,9.05,,,,,
62,13.32 17.22,0.01,2017,1,9.05,,,,,
62,676.0 4.7,0.05,2017,1,9.05,,,,,
62,BENOÎT 566.0,0.04,2017,1,9.05,,,,,
62,LE PEN MARINE,27.34,2017,1,9.05,,,,,
62,POUTOU PHILIPPE,1.43,2017,1,9.05,,,,,
69,0.35 0.45,0.09,2017,1,8.5,,,,,
69,11.08 13.99,0.05,2017,1,8.5,,,,,
69,382.0 3.98,0.07,2017,1,8.5,,,,,
69,LASSALLE JEAN,1.53,2017,1,8.5,,,,,
69,LE PEN MARINE,26.05,2017,1,8.5,,,,,
69,NICOLAS 360.0,0.05,2017,1,8.5,,,,,
75,0.27 0.37,0.11,2017,1,6.15,70486.0,,2187526.0,,
75,13.38 17.85,0.02,2017,1,6.15,70486.0,,2187526.0,,
75,314.0 3.74,0.08,2017,1,6.15,70486.0,,2187526.0,,
75,BENOÎT 282.0,0.05,2017,1,6.15,70486.0,,2187526.0,,
75,LASSALLE JEAN,1.26,2017,1,6.15,70486.0,,2187526.0,,
75,LE PEN MARINE,25.12,2017,1,6.15,70486.0,,2187526.0,,
83,0.38 0.49,0.12,2017,1,8.625,26007.0,,1058740.0,,
83,14.37 18.31,0.07,2017,1,8.625,26007.0,,1058740.0,,
83,335.0 4.6,0.1,2017,1,8.625,26007.0,,1058740.0,,
83,FILLON FRANCOIS,23.05,2017,1,8.625,26007.0,,1058740.0,,
83,LASSALLE JEAN,2.24,2017,1,8.625,26007.0,,1058740.0,,
83,NICOLAS 270.0,0.06,2017,1,8.625,26007.0,,1058740.0,,
974,0.47 0.6,0.09,2017,1,11.975,16609.0,,853659.0,,
974,13.54 17.34,0.05,2017,1,11.975,16609.0,,853659.0,,
974,483.0 4.68,0.07,2017,1,11.975,16609.0,,853659.0,,
974,LASSALLE JEAN,2.43,2017,1,11.975,16609.0,,853659.0,,
974,LE PEN MARINE,24.52,2017,1,11.975,16609.0,,853659.0,,
974,NICOLAS 391.0,0.05,2017,1,11.975,16609.0,,853659.0,,
6,MACRON EMMANUEL,62.55,2017,2,9.825,28107.0,,1083310.0,,
13,MACRON EMMANUEL,56.67,2017,2,11.275,50155.0,,2024162.0,,
17,MACRON EMMANUEL,58.47,2017,2,9.475,,,,,
21,MACRON EMMANUEL,57.93,2017,2,7.449999999999999,11168.0,,533819.0,,
29,MACRON EMMANUEL,45.28,2017,2,8.525,16069.0,,909028.0,,
31,MACRON EMMANUEL,43.61,2017,2,8.25,32098.0,,1362672.0,,
33,MACRON EMMANUEL,38.14,2017,2,9.5,32385.0,,1583384.0,,
34,MACRON EMMANUEL,41.59,2017,2,8.875,25362.0,,1144892.0,,
38,MACRON EMMANUEL,43.09,2017,2,9.2,20975.0,,1258722.0,,
44,MACRON EMMANUEL,42.98,2017,2,12.95,28519.0,,1394909.0,,
54,MACRON EMMANUEL,60.53,2017,2,6.825,16304.0,,733481.0,,
59,MACRON EMMANUEL,66.73,2017,2,9.2,63775.0,,2604361.0,,
60,MACRON EMMANUEL,69.65,2017,2,7.4,,,,,
62,MACRON EMMANUEL,57.59,2017,2,9.05,,,,,
69,MACRON EMMANUEL,58.47,2017,2,8.5,,,,,
75,MACRON EMMANUEL,58.07,2017,2,6.15,70486.0,,2187526.0,,
83,MACRON EMMANUEL,67.95,2017,2,8.625,26007.0,,1058740.0,,
974,MACRON EMMANUEL,61.01,2017,2,11.975,16609.0,,853659.0,,
1,ARTHAUD NATHALIE,0.5,2022,1,5.425,9248.0,,671289.0,,47407.0
2,ARTHAUD NATHALIE,0.77,2022,1,10.4,9273.0,,525558.0,,40922.0
6,ARTHAUD NATHALIE,0.29,2022,1,7.35,25007.0,,1114579.0,,58685.0
13,ARTHAUD NATHALIE,0.35,2022,1,8.75,46607.0,,2069811.0,,162109.0
17,ARTHAUD NATHALIE,0.59,2022,1,6.875,,,,,29722.0
21,ARTHAUD NATHALIE,0.63,2022,1,6.025,8401.0,,537577.0,,37029.0
29,ARTHAUD NATHALIE,0.67,2022,1,6.975,13772.0,,927912.0,,48430.0
31,ARTHAUD NATHALIE,0.41,2022,1,6.475,22428.0,,1456261.0,,94394.0
33,ARTHAUD NATHALIE,0.41,2022,1,7.025,27882.0,,1674980.0,,108888.0
34,ARTHAUD NATHALIE,0.4,2022,1,6.75,24685.0,,1217331.0,,67668.0
38,ARTHAUD NATHALIE,0.52,2022,1,7.35,30544.0,,1291380.0,,91920.0
44,ARTHAUD NATHALIE,0.59,2022,1,10.1,23259.0,,1473156.0,,92148.0
54,ARTHAUD NATHALIE,0.67,2022,1,5.05,14032.0,,732898.0,,53629.0
59,ARTHAUD NATHALIE,0.6,2022,1,7.125,53435.0,,2616909.0,,275273.0
60,ARTHAUD NATHALIE,0.69,2022,1,5.55,,,,,67912.0
62,ARTHAUD NATHALIE,0.74,2022,1,7.075,,,,,161622.0
69,ARTHAUD NATHALIE,0.42,2022,1,6.45,,,,,179353.0
75,ARTHAUD NATHALIE,0.27,2022,1,4.975,69604.0,,2113705.0,,236748.0
83,ARTHAUD NATHALIE,0.35,2022,1,6.6,21983.0,,1108364.0,,53552.0
1,MACRON EMMANUEL,54.99,2022,2,5.425,9248.0,,671289.0,,47407.0
2,MACRON EMMANUEL,40.09,2022,2,10.4,9273.0,,525558.0,,40922.0
6,MACRON EMMANUEL,50.13,2022,2,7.35,25007.0,,1114579.0,,58685.0
13,MACRON EMMANUEL,52.08,2022,2,8.75,46607.0,,2069811.0,,162109.0
17,MACRON EMMANUEL,56.32,2022,2,6.875,,,,,29722.0
21,MACRON EMMANUEL,57.27,2022,2,6.025,8401.0,,537577.0,,37029.0
29,MACRON EMMANUEL,67.5,2022,2,6.975,13772.0,,927912.0,,48430.0
31,MACRON EMMANUEL,64.42,2022,2,6.475,22428.0,,1456261.0,,94394.0
33,MACRON EMMANUEL,61.37,2022,2,7.025,27882.0,,1674980.0,,108888.0
34,MACRON EMMANUEL,52.58,2022,2,6.75,24685.0,,1217331.0,,67668.0
38,MACRON EMMANUEL,59.82,2022,2,7.35,30544.0,,1291380.0,,91920.0
44,MACRON EMMANUEL,69.48,2022,2,10.1,23259.0,,1473156.0,,92148.0
54,MACRON EMMANUEL,54.41,2022,2,5.05,14032.0,,732898.0,,53629.0
59,MACRON EMMANUEL,52.83,2022,2,7.125,53435.0,,2616909.0,,275273.0
60,MACRON EMMANUEL,47.27,2022,2,5.55,,,,,67912.0
62,MACRON EMMANUEL,42.5,2022,2,7.075,,,,,161622.0
69,MACRON EMMANUEL,68.65,2022,2,6.45,,,,,179353.0
75,MACRON EMMANUEL,85.11,2022,2,4.975,69604.0,,2113705.0,,236748.0
83,MACRON EMMANUEL,44.9,2022,2,6.6,21983.0,,1108364.0,,53552.0
